pg_direccion,pg_nombre,pg_descripcion,pg_numero_de_publicaciones,pg_seguidores,pg_seguidos,ph_descripcion,ph_likes,ph_fecha,ph_url,ph_nombre,ph_atributos,ph_numerado
natgeoexpeditions,Nat Geo Expeditions,"Experience the difference of traveling with National Geographic.
nationalgeographic.com/expeditions
insidenatgeo, natgeotv, bbc_travel y 2 m√°s siguen esta cuenta",2460,"1,3 M",163,,,,,,,
,,,,,,"By our NatGeo Photographer @massimobassano on assignment in the Atlantic Ocean.
***
‚ÄúFalkland is our first immersion into wildlife of this epic journey‚Äù ‚Äì tells Massimo ‚Äì ‚Äúin front of us, two rock shags (Leucocarbo magellanicus), also known as the Magellanic cormorant, make a kind of love dance. The shag is a marine cormorant found around the southernmost coasts of South America till the Falkland Islands. The rock shag usually nests on ledges on steep, bare, rocky cliffs, but today we are lucky to see them acting their love approach on the small pier of Carcass Island. Just in front of us, our cameras and smartphone‚Äù.
***
Follow NatGeo photographer @massimobassano on assignments for National Geographic Expeditions along the most remote places of the Atlantic Ocean.
***
@natgeo @natgeoadventure @natgeotravel @natgeotraveluk @natgeowild @natgeoyourshot #natgeoinspires #falklandislands #carcassisland #wildlifephotography #rockshag #cormorant #natgeophotographer #magellaniccormorant #AtlanticOcean #seabird @lindbladexp #atlanticislesdiscovery",990 Me gusta,2023-03-13T20:16:21.000Z,https://scontent-mad2-1.cdninstagram.com/v/t39.30808-6/335287910_671812644701315_916808168123529687_n.jpg?stp=dst-jpg_e35_s1080x1080_sh0.08&_nc_ht=scontent-mad2-1.cdninstagram.com&_nc_cat=111&_nc_ohc=6WNj9JIsQlUAX9WTqiP&edm=ACWDqb8AAAAA&ccb=7-5&ig_cache_key=MzA1NzgwMzMwNTUzMTE2MTg0MQ%3D%3D.2-ccb7-5&oh=00_AfD13imEv2Q8K2OUKB2SJhoy3aTQBzIU1ZjxhxfWB-JKmw&oe=6416F29A&_nc_sid=1527a3,imagenpreubaE1-1.jpg,"Photo by Nat Geo Expeditions in Carcass Island, Falkland Islands. May be an image of bird and nature.",1
,,,,,,,,,,,,
,,,,,,"Follow Nat Geo photographer @SergioPitamitz on assignment around the world for @natgeoexpeditions / A polar bear walking on the melting sea ice.
North polar ice cap, 81¬∞41‚Äù N, 7¬∞24‚Äù, 120 miles north of of Svalbard Archipelago.
‚Äî‚Äî‚Äî‚Äî
@NatGeoExpeditions @lindbladexp #Svalbard #Norway #Arctic #polarbear #bears #wildlife #onassignment #TravelwithNatGeo #NatGeoExpeditions #NatGeoPhotographer",1821 Me gusta,2023-03-13T12:00:06.000Z,https://scontent-mad2-1.cdninstagram.com/v/t39.30808-6/329683919_1353725282028172_2520535358896444165_n.jpg?stp=dst-jpg_e35_s1080x1080_sh0.08&_nc_ht=scontent-mad2-1.cdninstagram.com&_nc_cat=104&_nc_ohc=fPnd7IbjJygAX8Y_R6u&edm=ACWDqb8AAAAA&ccb=7-5&ig_cache_key=MzA1NzU1MzUzMDgxODkyNjExNA%3D%3D.2-ccb7-5&oh=00_AfAj_OMNlj7w08nl7W2rVtYYH_EXT8T_h6fbexrjvWAKhg&oe=641704D6&_nc_sid=1527a3,imagenpreubaE2-1.jpg,"Photo by Nat Geo Expeditions on March 13, 2023. May be an image of emperor penguin, arctic and nature.",2
,,,,,,,,,,,,
,,,,,,"By our NatGeo Photographer @massimobassano on assignment in the Atlantic Ocean.
***
‚ÄúA juvenile of black crowned night heron, with his distinctive orange eye, welcomes us on our landing at Carcass island, in the northwest side of the Falkland‚Äù ‚Äì tells Massimo ‚Äì ‚Äúit‚Äôs quite a common species with four subspecies and one of these four is endemic here in the Falkland. Widely observed by the German ornithologist Ernst Johann Otto Hartert who published a long study in 1914. Here at the Falkland is known with the nickname of Quark. He is quietly waiting the low tide so to start banqueting the small fish, leeches, earthworms, mussels, crustaceans and any other amphibians left by the ocean that retreats cyclically‚Äù.
***
Follow NatGeo photographer @massimobassano on assignments for National Geographic Expeditions along the most remote places of the Atlantic Ocean.
***
@natgeo @natgeoadventure @natgeotravel @natgeowild @natgeoyourshot #natgeoinspires #ushuaia #newisland #wildlifephotography #blackbrowedalbatross #albatross #natgeophotographer #sailing #AtlanticOcean #falklandislands #heron #blackcrownednightheron @lindbladexp #atlanticislesdiscovery #seabird #carcassisland #quark",1364 Me gusta,2023-03-13T02:07:41.000Z,https://scontent-mad1-1.cdninstagram.com/v/t39.30808-6/333553596_748035013370427_1563871597222194869_n.jpg?stp=dst-jpg_e35_s1080x1080_sh0.08&_nc_ht=scontent-mad1-1.cdninstagram.com&_nc_cat=103&_nc_ohc=1V07IuyrpuYAX-5Kj_Y&edm=ACWDqb8AAAAA&ccb=7-5&ig_cache_key=MzA1NzI1NTM1NjI0NTM2NTE3NQ%3D%3D.2-ccb7-5&oh=00_AfDPVYs1PBAP8-rC0SxJ8KMEuhdZVESvCdnTw1kKo5HpNQ&oe=641659E6&_nc_sid=1527a3,imagenpreubaE3-1.jpg,"Photo by Nat Geo Expeditions on March 12, 2023. May be an image of wading bird and nature.",3
,,,,,,,,,,,,
,,,,,,"By our NatGeo Photographer @massimobassano on assignment in the Atlantic Ocean.
***
‚ÄúNew Island is our first stop in the Falkland‚Äù ‚Äì tells Massimo ‚Äì ‚Äúafter a full day at sea, we are very excited to touch our first land of this epic voyage. This island is an example of virtuous conservation. Since 1995, the New Island Conservation Trust is taking care of this island. The NICT is made by the same people that live on the island that decided to preserve the biodiversity of their place and opening to a sustainable tourism. We cleaned and disinfected all our boots to be sure that while walking here we don‚Äôt bring any pest that can damage the local environment. And the result of our dedication are the view of a chick of Black-Browed Albatross waiting to be fed by his parent. Among many many other birds. Over forty different of bird species found home here in New Island. A joy for the eyes and for photography‚Äù.
***
Follow NatGeo photographer @massimobassano on assignments for National Geographic Expeditions along the most remote places of the Atlantic Ocean.
***
@natgeo @natgeoadventure @natgeotravel @natgeowild #natgeoinspires #ushuaia #newisland #blackbrowedalbatross #albatross #natgeophotographer #sailing #AtlanticOcean #falklandislands #southgeorgia @lindbladexp #atlanticislesdiscovery #seabird",1228 Me gusta,2023-03-12T01:50:14.000Z,https://scontent-mad1-1.cdninstagram.com/v/t39.30808-6/331812707_1201301160512623_2700228467252138397_n.jpg?stp=dst-jpg_e35_s1080x1080_sh0.08&_nc_ht=scontent-mad1-1.cdninstagram.com&_nc_cat=107&_nc_ohc=m5SXPlyhzHYAX-2ksj7&edm=ACWDqb8AAAAA&ccb=7-5&ig_cache_key=MzA1NjUyMTc5NTY2MTI0MjQ0Ng%3D%3D.2-ccb7-5&oh=00_AfB0XdNag03go4nyFTC_iaYkkOsdkdpnEVWP6nrLRW1-MA&oe=6415CF2E&_nc_sid=1527a3,imagenpreubaE4-1.jpg,"Photo by Nat Geo Expeditions in New Island Settlement, Falkland Islands. May be an image of bird and nature.",4
,,,,,,,,,,,,
,,,,,,"By our NatGeo Photographer @massimobassano on assignment along the Atlantic Ocean.
‚ÄúThe EPIC VOYAGE started. Our ship #NationalGeographicExplorer left the dock of Ushuaia, one of the southernmost towns of the world. It is sailing to the Falkland/Malvinas where we will touch our first land by tomorrow morning‚Äù ‚Äì says Massimo ‚Äì ‚ÄúIt‚Äôs just the beginning of an incredible journey all along the Atlantic Ocean, from Patagonia to Madeira, exploring some of the most remote places on Earth. It really is an expedition of lifetime‚Äù.
The handmade map shows the itinerary of this Atlantic Isles Discovery‚Ä¶with many discoveries on the way.
***
Follow NatGeo photographer @massimobassano on assignments for National Geographic Expeditions along the most remote places of the Atlantic Ocean.
***
@natgeo @natgeoadventure @natgeotravel #natgeoinspires #tristandacunha @natgeowilld0 #ushuaia #maps #chart #natgeophotographer #sailing #AtlanticOcean #falklandislands #southgeorgia @lindbladexp #islasmalvinas #sainthelena #history #navigation #ascension #capeverde #canaryislands #madeira #Lisbon",1644 Me gusta,2023-03-10T17:27:00.000Z,https://scontent-mad2-1.cdninstagram.com/v/t39.30808-6/335866299_1623777924774700_6433274200375070542_n.jpg?stp=dst-jpg_e35_s1080x1080_sh0.08&_nc_ht=scontent-mad2-1.cdninstagram.com&_nc_cat=104&_nc_ohc=D1J_waauntIAX99rUGE&edm=ACWDqb8AAAAA&ccb=7-5&ig_cache_key=MzA1NTU0Mzc0MDUzMzEzNDIzOQ%3D%3D.2-ccb7-5&oh=00_AfCTtEHJxzPSYVAsBODtu3Oe9YosiNI3dgmP8etU40aEVg&oe=6416676A&_nc_sid=1527a3,imagenpreubaE5-1.jpg,"Photo by Nat Geo Expeditions on March 10, 2023. May be an image of map and text.",5
,,,,,,,,,,,,
,,,,,,"Image by @SergioPitamitz / Three African elephants drinking in the Khwai River at night. Okavango Delta, Botswana.
Please join @SergioPitamitz for more images from his National Geographic assignments.
‚Äî‚Äî‚Äî‚Äî
@NatGeoExpeditions #Botswana #Africa #Okavango #elephants #wildlife #onassignment #TravelwithNatGeo #NatGeoExpeditions #NatGeoPhotographer",4252 Me gusta,2023-03-09T17:00:08.000Z,https://scontent-mad1-1.cdninstagram.com/v/t39.30808-6/329152939_881921909730918_2501761871677305618_n.jpg?stp=dst-jpg_e35_s1080x1080_sh0.08&_nc_ht=scontent-mad1-1.cdninstagram.com&_nc_cat=106&_nc_ohc=Nu9ecOHyy20AX8XFXCH&edm=ACWDqb8AAAAA&ccb=7-5&ig_cache_key=MzA1NDgwNTQ0MDA3NjcxNDAxNQ%3D%3D.2-ccb7-5&oh=00_AfAt2MmjbhP69ixKEZ0pS48MJ9AaYSW6eLfamtkp27lWQA&oe=641774EB&_nc_sid=1527a3,imagenpreubaE6-1.jpg,"Photo by Nat Geo Expeditions on March 09, 2023. May be an image of nature and sky.",6
,,,,,,,,,,,,
,,,,,,"Photographs by @massimobassano National Geographic photographer.
***
Just announced: ‚ÄúA hidden corridor has been found inside the Khufu‚Äôs Pyramid. Could it bring us to new discoveries?‚Äù
‚ÄúAny announcement about the Egyptians‚Äù ‚Äì tell Massimo, our Nat Geo photographer ‚Äì ‚Äúmakes me jump off my seat. I know that Archeology is a slow process, and many more things can be discovered but nothing as Egypt, can excite my fantasy and desire of knowing more and more. National Geographic has many expeditions to Egypt. With the most expert local guides, this trip is a pure immersion to the Egyptian civilization. Whatever I know, I still learn so much every time I go there. I can‚Äôt wait to go there next November‚Äù.
The Great Pyramid is one of the largest stone structures, and archeological monument, in the world. Built 4500 years ago by the king Khufu (Cheops), on the Giza plateau (today named Giza Complex) on the southwest side of Cairo, the pyramid is 139 m high and 230 m wide. Its weight is estimated at 7 million tons.
‚ÄúTaking a photograph of the great pyramid, has more sense including in the frame the view of the Sphinx, such a recognizable monument‚Äù ‚Äì recommend Massimo ‚Äì ‚ÄúThe Great Sphinx of Giza is a limestone statue of a reclining sphinx, a mythical creature with the head of a human, and the body of a lion. The Sphinx has stimulated the fantasy of many of us for years and years. Khufu and the Sphinx, a great combination‚Äù.
***
Follow NatGeo photographer @massimobassano on assignments for National Geographic around the World
***
@natgeo @natgeoadventure @natgeotravel #natgeoinspires #egypt @natgeowild #pyramids #khufu #egyptian #natgeophotographer #cairo #nile #pharaohs #gizacomplex #cheops #history #hieroglyphs #sphinx",1467 Me gusta,2023-03-06T18:03:08.000Z,https://scontent-mad1-1.cdninstagram.com/v/t39.30808-6/332881574_1373932246484448_1340274293584150795_n.jpg?stp=dst-jpg_e35_s1080x1080_sh0.08&_nc_ht=scontent-mad1-1.cdninstagram.com&_nc_cat=100&_nc_ohc=O8A_uuHGBQwAX_An1wT&edm=ACWDqb8AAAAA&ccb=7-5&ig_cache_key=MzA1MjY2MjgxOTk2ODA3MTU4NA%3D%3D.2-ccb7-5&oh=00_AfApfjshd8rxwgRCX0jvL7GvbI6PLE7wKyu2XpIZp2jcOg&oe=6417A790&_nc_sid=1527a3,imagenpreubaE7-1.jpg,Photo by Nat Geo Expeditions in Khufu's Pyramid. May be an image of monument and outdoors.,7
,,,,,,,,,,,,
,,,,,,"Follow Nat Geo photographer @SergioPitamitz on assignment around the world for @natgeoexpeditions / An aerial view of atolls and lagoons of the Tuamotus archipelago in French Polynesia. They constitute the largest chain of atolls in the world.
‚Äî‚Äî‚Äî‚Äî
@NatGeoExpeditions @lindbladexp #FrenchPolynesia #Polynesia #aerialphotography #onassignment #TravelwithNatGeo #NatGeoExpeditions #NatGeoPhotographer",1366 Me gusta,2023-03-06T14:00:04.000Z,https://scontent-mad2-1.cdninstagram.com/v/t39.30808-6/330208540_1207776233464187_6084236703982973108_n.jpg?stp=dst-jpg_e35_s1080x1080_sh0.08&_nc_ht=scontent-mad2-1.cdninstagram.com&_nc_cat=111&_nc_ohc=g7OikKIm04IAX_g9-Np&edm=ACWDqb8AAAAA&ccb=7-5&ig_cache_key=MzA1MjU0MDQ4NjA0NTEyNzc0MQ%3D%3D.2-ccb7-5&oh=00_AfB31TBDsUHHOu-oafBja6rR4iaH55SANru573IZZSrM3Q&oe=641777F1&_nc_sid=1527a3,imagenpreubaE8-1.jpg,"Photo by Nat Geo Expeditions on March 06, 2023. May be an image of ocean and nature.",8
,,,,,,,,,,,,
,,,,,,"Follow NatGeo photographer @massimobassano on assignments for National Geographic around the World
***
‚ÄúIn Egyptian hieroglyphs, a cartouche is an oval with a line at one end tangent to it, indicating that the text enclosed is a royal name. The first examples of the cartouche are associated with pharaohs at the end of the Third Dynasty, but the feature did not come into common use until the beginning of the Fourth Dynasty under Pharaoh Sneferu‚Äù ‚Äì the clear voice of our guide, Fatma Abdalla, is enriching our knowledge again. This what she does all day long leading us around the magnificence of the Egyptian temples in this incredible expedition named, not casually, Ancient wonders of the legendary Nile. We are exploring the most incredible sites sailing along the most famous river of the antiquity. As the Egyptians did for thousands of years. ‚ÄúAs a hieroglyph, a cartouche can represent the Egyptian-language word for ""name"" ‚Äì keep saying Fatma ‚Äì ‚Äúthis is Ksrs nty khu, the venerable Caesar, so we are talking when the Romans came to Egypt, with Julius Caesar‚Äù.
***
@natgeo @natgeotravel #natgeoinspires #egypt @natgeowild #pyramids #juliuscaesar #egyptian #natgeophotographer #komombo #nile #pharaohs #asswan #cartouche #history #hieroglyphs #dinasty",953 Me gusta,2023-02-26T20:23:28.000Z,https://scontent-mad1-1.cdninstagram.com/v/t39.30808-6/333698238_1930653627276210_705507309900872468_n.jpg?stp=dst-jpg_e35_s1080x1080_sh0.08&_nc_ht=scontent-mad1-1.cdninstagram.com&_nc_cat=106&_nc_ohc=O8jOEtxqH5YAX9iHtGO&edm=ACWDqb8AAAAA&ccb=7-5&ig_cache_key=MzA0NjkzNTI0NzkzMDcxNDA0NA%3D%3D.2-ccb7-5&oh=00_AfBittdA0PI1urJT4gJsP2ESoGLbJLQhnZ_WMtkVC8c7XQ&oe=641657F2&_nc_sid=1527a3,imagenpreubaE9-1.jpg,Photo by Nat Geo Expeditions in Kom Ombo Temple.,9
,,,,,,,,,,,,
,,,,,,"Image by Nat Geo photographer @SergioPitamitz / A huge iceberg in Ilulissat Icefjord, an UNESCO World Heritage Site located on the west coast of Greenland.
Please join @SergioPitamitz for more images from his National Geographic assignments.
‚Äî‚Äî‚Äî‚Äî
#Greenland #iceberg #onassignment @NatGeoExpeditions #TravelwithNatGeo #NatGeoExpeditions #NatGeoPhotographer",2356 Me gusta,2023-02-26T17:00:03.000Z,https://scontent-mad1-1.cdninstagram.com/v/t39.30808-6/328160534_899970067993982_4065367931415374330_n.jpg?stp=dst-jpg_e35_s1080x1080_sh0.08&_nc_ht=scontent-mad1-1.cdninstagram.com&_nc_cat=102&_nc_ohc=drfXvkE1mLIAX-I_dGa&edm=ACWDqb8AAAAA&ccb=7-5&ig_cache_key=MzA0NjgzMjg2MzQwNDIwMzAxNw%3D%3D.2-ccb7-5&oh=00_AfAsP1SgeP3vDvI5FLi1wC3gR-IsEWDSFPDbvlBgARni3w&oe=64166519&_nc_sid=1527a3,imagenpreubaE10-1.jpg,"Photo by Nat Geo Expeditions on February 26, 2023. May be an image of body of water and nature.",10
,,,,,,,,,,,,
,,,,,,"Follow NatGeo photographer @massimobassano on assignments for National Geographic around the World
***
‚ÄúVisiting Egypt is one of the most fascinating expeditions of all time‚Äù ‚Äì says Massimo, National Geographic photographer ‚Äì ‚ÄúComing here for me, it‚Äôs a dream that comes true. And I came multiple times already, but it‚Äôs always like the first time. I‚Äôm never tired to admire the pyramids complex of Giza. It‚Äôs a view that fill the eyes, the heart, the soul. the grandeur of the Egyptians has passed the millennia, reaching us thanks to the passion of hundreds of archaeologists from all over the world. Many are those who have dug here thanks to the National Geographic grants. For that, it's a bit like coming home for me"".
***
@natgeo @natgeoadventure @natgeotravel #natgeoinspires #egypt @natgeowild #pyramids #cheope #egyptian #natgeophotographer #cairo #dromedary #pharaohs #cheops #chephren #khufu #history #greatpyramidofgiza #giza #khafre #gyzapyramidcomplex #grants",1491 Me gusta,2023-02-25T12:54:28.000Z,https://scontent-mad1-1.cdninstagram.com/v/t39.30808-6/333320337_1878486969183600_5409355528112824036_n.jpg?stp=dst-jpg_e35_s1080x1080_sh0.08&_nc_ht=scontent-mad1-1.cdninstagram.com&_nc_cat=100&_nc_ohc=BMnIzZ1Y7sQAX_dS5Yd&edm=ACWDqb8AAAAA&ccb=7-5&ig_cache_key=MzA0NTk4NDQ4Nzg1NjEzMjE4Mg%3D%3D.2-ccb7-5&oh=00_AfCVxTm6lqFTsIywapDzzqcRu_KBiL-GysXCVu_h3FR7sQ&oe=6415EDDD&_nc_sid=1527a3,imagenpreubaE11-1.jpg,"Photo by Nat Geo Expeditions in Giza pyramid complex. May be an image of 4 people, people standing and outdoors.",11
,,,,,,,,,,,,
,,,,,,"Image by Nat Geo photographer @SergioPitamitz / Aerial view of great white pelicans in the Okavango Delta, Botswana.
Please join @SergioPitamitz for more images from his National Geographic assignments.
‚Äî‚Äî‚Äî‚Äî
#Botswana #Okavango #Birds #onassignment #TravelwithNatGeo #NatGeoExpeditions #NatGeoPhotographer @NatGeoExpeditions",1120 Me gusta,2023-02-22T17:00:04.000Z,https://scontent-mad2-1.cdninstagram.com/v/t39.30808-6/328969305_703883621224893_6553560185471852505_n.jpg?stp=dst-jpg_e35_s1080x1080_sh0.08&_nc_ht=scontent-mad2-1.cdninstagram.com&_nc_cat=109&_nc_ohc=99mmQjFRLzYAX_WHGQ2&edm=ABmJApAAAAAA&ccb=7-5&ig_cache_key=MzA0MzkzMzc3Mjk2MTYxODU4OA%3D%3D.2-ccb7-5&oh=00_AfDjxEnLIL1nSYYWI6c1x0T41LT9a7jv5ZZ2oh7Th3PfDQ&oe=64169E81&_nc_sid=6136e7,imagenpreubaE12-1.jpg,"Photo by Nat Geo Expeditions on February 22, 2023. May be an image of wading bird and nature.",12
,,,,,,,,,,,,
,,,,,,"Follow NatGeo photographer @massimobassano on assignments for National Geographic around the World
***
Celebrating the beauty of these splendid creatures, the World Whale Day put the focus beyond the whales but on the entire environment. Where the humpback whale is swimming and fishing, any other creature can take an advantage like this Chinstrap penguin.
@natgeo @natgeoadventure @natgeotravel #natgeoinspires #spertisland @natgeoyourshot @natgeoasia @natgeowild #exploration #natgeophotographer #antarctica #humpbackwhale #happywhale #chinstrap #worldwhaleday @lindbladexp",1497 Me gusta,2023-02-20T00:00:24.000Z,https://scontent-mad2-1.cdninstagram.com/v/t39.30808-6/332482948_897266948087410_8282548636812881114_n.jpg?stp=dst-jpg_e35_s1080x1080_sh0.08&_nc_ht=scontent-mad2-1.cdninstagram.com&_nc_cat=110&_nc_ohc=YCenvmOY8Q8AX8uXb7A&edm=ABmJApAAAAAA&ccb=7-5&ig_cache_key=MzA0MTk3MTAwNDgwNjM4MjQ1OA%3D%3D.2-ccb7-5&oh=00_AfBkd--Luq3_AadsM2xRskaOCffgBsf_xaYzHu5-PdLL6Q&oe=6416F29E&_nc_sid=6136e7,imagenpreubaE13-1.jpg,"Photo by Nat Geo Expeditions on February 19, 2023. May be an image of body of water and nature.",13
,,,,,,,,,,,,
,,,,,,"Image by @SergioPitamitz / A lioness moves her 4-week-old cubs to a new hide after it gets flooded by rains. Serengeti, Tanzania.
Please join @SergioPitamitz for more images from his National Geographic assignments.
‚Äî‚Äî‚Äî‚Äî
#Tanzania #lion #bigcats #onassignment #TravelwithNatGeo #NatGeoExpeditions #NatGeoPhotographer @NatGeoExpeditions",2380 Me gusta,2023-02-19T17:00:08.000Z,https://scontent-mad1-1.cdninstagram.com/v/t39.30808-6/328133564_558683089548135_5248818792264912094_n.jpg?stp=dst-jpg_e15_p750x750&_nc_ht=scontent-mad1-1.cdninstagram.com&_nc_cat=103&_nc_ohc=Qo5BWMDME-4AX9kEUpX&edm=ABmJApAAAAAA&ccb=7-5&ig_cache_key=MzA0MTc1OTQ3ODI0NzY4NTY4Mw%3D%3D.2-ccb7-5&oh=00_AfAq8ewg4wWLwJKeh2--xEg6UVi6YgyMPFTMY80RsOkT2w&oe=6416FF9A&_nc_sid=6136e7,imagenpreubaE14-1.jpg,"Photo by Nat Geo Expeditions on February 19, 2023. May be an image of big cat and nature.",14
,,,,,,,,,,,,
,,,,,,Swim on over to the @DisneyParks Blog to celebrate World Whale Day! üêã #NatGeoLive Explorer and award-winning photographer @BrianSkerry gives some insider tips on how to make your nature photographs look like they came straight out of National Geographic Magazine! Link in stories.,606 Me gusta,2023-02-17T19:36:20.000Z,https://scontent-mad2-1.cdninstagram.com/v/t51.2885-15/331844845_176276258452168_6333383740921940472_n.jpg?stp=dst-jpg_e35&_nc_ht=scontent-mad2-1.cdninstagram.com&_nc_cat=104&_nc_ohc=qARepghl_mgAX84VW0-&edm=ABmJApABAAAA&ccb=7-5&ig_cache_key=MzA0MDM4ODU0NDc4NzUwNjY4OQ%3D%3D.2-ccb7-5&oh=00_AfCHxJqve4-UpocxgcuHe81FJRckH4BmQCklHOvOZL72WQ&oe=64162B5B&_nc_sid=6136e7,imagenpreubaE15-1.jpg,"Photo shared by Nat Geo Expeditions on February 17, 2023 tagging @brianskerry, and @disneyparks. May be an image of text that says 'NATIONAL GEOGRAPHIC WORLD WHALE E AY FEBRUARY 19'.",15
,,,,,,,,,,,,
,,,,,,"Image by @SergioPitamitz / A king penguin colony at Volunteer Point, Falkland Islands.
Please join @SergioPitamitz for more images from his National Geographic assignments.
‚Äî‚Äî‚Äî‚Äî
#falklandislands #penguins #onassignment #TravelwithNatGeo #NatGeoExpeditions #NatGeoPhotographer @NatGeoExpeditions",2296 Me gusta,2023-02-15T17:00:03.000Z,https://scontent-mad1-1.cdninstagram.com/v/t39.30808-6/328327092_889217182409862_1199538213071200546_n.jpg?stp=dst-jpg_e35_s1080x1080_sh0.08&_nc_ht=scontent-mad1-1.cdninstagram.com&_nc_cat=106&_nc_ohc=ASlBNt5_PJoAX94yN9j&edm=ABmJApAAAAAA&ccb=7-5&ig_cache_key=MzAzODg2MDMzNzYxNzE0MjkzMg%3D%3D.2-ccb7-5&oh=00_AfAE8tkcB886II6tFSIsteXCVOGjwM0KGI4mm5p_ErWRvg&oe=641773B5&_nc_sid=6136e7,imagenpreubaE16-1.jpg,Photo by Nat Geo Expeditions in Falkland Islands. May be an image of emperor penguin.,16
,,,,,,,,,,,,
,,,,,,"Image by @SergioPitamitz / Blacktip reef sharks slowly wandering in the Blue Lagoon, Rangiroa, Tuamotu Archipelago, French Polynesia.
Please join @SergioPitamitz for more images from his National Geographic assignments.
‚Äî‚Äî‚Äî‚Äî
#FrenchPolynesia #Polynesia #sharks #Rangiroa #Tuamotu #onassignment #TravelwithNatGeo #NatGeoExpeditions #NatGeoPhotographer @natgeoexpeditions_",3148 Me gusta,2023-02-12T17:00:03.000Z,https://scontent-mad2-1.cdninstagram.com/v/t39.30808-6/329126764_917830169235033_4834186284877631759_n.jpg?stp=dst-jpg_e15_p750x750&_nc_ht=scontent-mad2-1.cdninstagram.com&_nc_cat=109&_nc_ohc=P4j7pjpgAiUAX_AAzym&edm=ABmJApAAAAAA&ccb=7-5&ig_cache_key=MzAzNjY4NjAwNTU4MzM0Njk1MQ%3D%3D.2-ccb7-5&oh=00_AfBATzLP_RneHRSWRqmkQWNLv85SaL6cQzM2OcAbjzjf2Q&oe=64160EF6&_nc_sid=6136e7,imagenpreubaE17-1.jpg,"Photo by Nat Geo Expeditions on February 12, 2023. May be an image of body of water and nature.",17
,,,,,,,,,,,,
,,,,,,"Image by National Geographic photographer Sergio Pitamitz / African elephant herd drinking at waterhole. Image taken from elephant-proof ground level hide in Mashatu Game Reserve, Botswana.
Please join @SergioPitamitz for more images from his National Geographic assignments.
‚Äî‚Äî‚Äî‚Äî
#Botswana #elephant #Mashatu #onassignment #TravelwithNatGeo #NatGeoExpeditions #NatGeoPhotographer @NatGeoExpeditions",2303 Me gusta,2023-02-08T17:00:03.000Z,https://scontent-mad2-1.cdninstagram.com/v/t39.30808-6/327981074_1886475078369669_5097399096811250610_n.jpg?stp=dst-jpg_e35_s1080x1080_sh0.08&_nc_ht=scontent-mad2-1.cdninstagram.com&_nc_cat=109&_nc_ohc=zMXa-S-zVu0AX_XdXNT&edm=ABmJApAAAAAA&ccb=7-5&ig_cache_key=MzAzMzc4NjkwMTk1Mzc5NTAyNA%3D%3D.2-ccb7-5&oh=00_AfC-OAh24y5THOtsAMVxfLBRLpdHJQ_Zq8mPK7rJPIJ4Bg&oe=641741C3&_nc_sid=6136e7,imagenpreubaE18-1.jpg,Photo by Nat Geo Expeditions in Botswana. May be an image of elephant and nature.,18
,,,,,,,,,,,,
,,,,,,"Image by @SergioPitamitz / An Adelie penguin looking for its way among ice. Weddell Sea, Antarctica. Shot on assignment for @NatGeoExpeditions
Please join @SergioPitamitz for more images from his National Geographic Assignments.
‚Äî‚Äî‚Äî‚Äî
#Antarctica #Penguin #AdeliePenguin #onassignment #TravelwithNatGeo #NatGeoExpeditions #NatGeoPhotographer",2348 Me gusta,2023-02-05T17:04:48.000Z,https://scontent-mad2-1.cdninstagram.com/v/t39.30808-6/329248202_3381515042162230_128796664422888619_n.jpg?stp=dst-jpg_e35_s1080x1080_sh0.08&_nc_ht=scontent-mad2-1.cdninstagram.com&_nc_cat=110&_nc_ohc=lP5frFo3losAX8DWAho&edm=ABmJApAAAAAA&ccb=7-5&ig_cache_key=MzAzMTYxNDk2NjY1NDQ4MTI0MQ%3D%3D.2-ccb7-5&oh=00_AfAt-FmHyHtcYsjS6tf5xw082a3H7OF_4VlJuL8vhzuN3g&oe=6417849C&_nc_sid=6136e7,imagenpreubaE19-1.jpg,"Photo by Nat Geo Expeditions in Antarctica. May be an image of emperor penguin, arctic and nature.",19
,,,,,,,,,,,,
,,,,,,"Image by @SergioPitamitz / Migrating blue wildebeest and plains zebras in a cloud of dust at sunset, Serengeti, Tanzania.
Please join @SergioPitamitz for more images from his National Geographic Assignments.
‚Äî‚Äî‚Äî‚Äî‚Äî
#Tanzania #wildlifephotography #onassignment #TravelwithNatGeo #NatGeoExpeditions #NatGeoPhotographer @natgeoexpeditions",3214 Me gusta,2023-02-02T15:31:53.000Z,https://scontent-mad2-1.cdninstagram.com/v/t39.30808-6/328690628_1058922498755164_6760559726472279418_n.jpg?stp=dst-jpg_e35_s1080x1080_sh0.08&_nc_ht=scontent-mad2-1.cdninstagram.com&_nc_cat=104&_nc_ohc=9tCz_UTIvWsAX_dZzEx&edm=ABmJApAAAAAA&ccb=7-5&ig_cache_key=MzAyOTM5Mzg3NzAwNjI1NjE4MQ%3D%3D.2-ccb7-5&oh=00_AfBENgqSzIymzRz_eYkckdqh0hIyIxALb6kvFS20xSLfJA&oe=6416C84D&_nc_sid=6136e7,imagenpreubaE20-1.jpg,"Photo by Nat Geo Expeditions on February 02, 2023. May be an image of animal and nature.",20
,,,,,,,,,,,,
,,,,,,"Photos by @nickcobbing

Staying up to watch the midnight sun in Antarctica. These three pictures were made around 11:30 pm from the deck of the National Geographic Resolution. I really needed to sleep but had to keep checking! These images were taken 12 mins apart as the light changed, we were near the north entrance to the Lemaire Channel.

#sunset #sunsetlovers #nightphotography #antarctica #lemairechannel #landscapephotography",3851 Me gusta,2023-01-31T09:40:21.000Z,https://scontent-mad2-1.cdninstagram.com/v/t39.30808-6/328434571_677565414165707_574700034921237010_n.jpg?stp=dst-jpg_e15&_nc_ht=scontent-mad2-1.cdninstagram.com&_nc_cat=111&_nc_ohc=EzEZKvhQ16YAX_nl__2&edm=ABmJApAAAAAA&ccb=7-5&ig_cache_key=MzAyNzc2NzM4MDY0OTU3NDE3NA%3D%3D.2-ccb7-5&oh=00_AfBQlyGE3n-QWKKyudc4CZDbiyywS6gYc1nzOlSaezIjoA&oe=64175049&_nc_sid=6136e7,imagenpreubaE21-1.jpg,"Photo by Nat Geo Expeditions on January 31, 2023.",21
,,,,,,"Photos by @nickcobbing

Staying up to watch the midnight sun in Antarctica. These three pictures were made around 11:30 pm from the deck of the National Geographic Resolution. I really needed to sleep but had to keep checking! These images were taken 12 mins apart as the light changed, we were near the north entrance to the Lemaire Channel.

#sunset #sunsetlovers #nightphotography #antarctica #lemairechannel #landscapephotography",3851 Me gusta,2023-01-31T09:40:21.000Z,https://scontent-mad2-1.cdninstagram.com/v/t39.30808-6/328358390_951735156017387_1859886274261814128_n.jpg?stp=dst-jpg_e15&_nc_ht=scontent-mad2-1.cdninstagram.com&_nc_cat=111&_nc_ohc=DNVQ-WkmKLkAX8KIeiK&edm=ABmJApAAAAAA&ccb=7-5&ig_cache_key=MzAyNzc2NzM4MDU4MjM5NzczMA%3D%3D.2-ccb7-5&oh=00_AfCTIU6k-Zg57b7QCljGZzg45RfZDq25FHU0D7gRNBGblw&oe=6416138D&_nc_sid=6136e7,imagenpreubaE21-2.jpg,"Photo by Nat Geo Expeditions on January 31, 2023.",21
,,,,,,,,,,,,
,,,,,,"Photos by @nickcobbing

These pictures were made from onboard the National Geographic Resolution a few weeks ago. I used them in a workshop to encourage our guests to 'shoot from the ship' using parts of the vessel to make more interesting images. We weren't short of opportunities as the wonders of Antarctica floated by outside.

#antarctica #landscape #landscape_captures #wildnature",1895 Me gusta,2023-01-25T15:47:56.000Z,https://scontent-mad2-1.cdninstagram.com/v/t39.30808-6/327477309_1610708366077276_3951330169666227486_n.jpg?stp=dst-jpg_e15&_nc_ht=scontent-mad2-1.cdninstagram.com&_nc_cat=104&_nc_ohc=gOU-Bw6VKUkAX-co11p&edm=ABmJApAAAAAA&ccb=7-5&ig_cache_key=MzAyMzYwMzcyODYwNjQ2NzkwMQ%3D%3D.2-ccb7-5&oh=00_AfC_03DFQkQOw4xr_cV8M-DeWzwof-CZqEIaKKn48ar6LQ&oe=641745B5&_nc_sid=6136e7,imagenpreubaE22-1.jpg,"Photo by Nat Geo Expeditions on January 25, 2023.",22
,,,,,,"Photos by @nickcobbing

These pictures were made from onboard the National Geographic Resolution a few weeks ago. I used them in a workshop to encourage our guests to 'shoot from the ship' using parts of the vessel to make more interesting images. We weren't short of opportunities as the wonders of Antarctica floated by outside.

#antarctica #landscape #landscape_captures #wildnature",1895 Me gusta,2023-01-25T15:47:56.000Z,https://scontent-mad1-1.cdninstagram.com/v/t39.30808-6/327464361_490223239736809_3606062205642575517_n.jpg?stp=dst-jpg_e15&_nc_ht=scontent-mad1-1.cdninstagram.com&_nc_cat=101&_nc_ohc=PAa-IWtvMToAX8iofQf&edm=ABmJApAAAAAA&ccb=7-5&ig_cache_key=MzAyMzYwMzcyODc0MDU4NDM2NA%3D%3D.2-ccb7-5&oh=00_AfD9ZgFdMHeTgLk8vZaZ3kiEwakIxgr_Su6biyn4Rz-ulw&oe=64167519&_nc_sid=6136e7,imagenpreubaE22-2.jpg,"Photo by Nat Geo Expeditions on January 25, 2023.",22
,,,,,,"Photos by @nickcobbing

These pictures were made from onboard the National Geographic Resolution a few weeks ago. I used them in a workshop to encourage our guests to 'shoot from the ship' using parts of the vessel to make more interesting images. We weren't short of opportunities as the wonders of Antarctica floated by outside.

#antarctica #landscape #landscape_captures #wildnature",1895 Me gusta,2023-01-25T15:47:56.000Z,https://scontent-mad1-1.cdninstagram.com/v/t39.30808-6/327449204_854626385840724_3833626383917171989_n.jpg?stp=dst-jpg_e15&_nc_ht=scontent-mad1-1.cdninstagram.com&_nc_cat=100&_nc_ohc=Xs35VIxb_zYAX9wTDfE&edm=ABmJApAAAAAA&ccb=7-5&ig_cache_key=MzAyMzYwMzcyODk0MTk5MDc4NQ%3D%3D.2-ccb7-5&oh=00_AfCu_24EUhHzeITagppvZCzfyhxOJgHfu-jkCTHQrpBzoQ&oe=6416A4ED&_nc_sid=6136e7,imagenpreubaE22-3.jpg,"Photo by Nat Geo Expeditions on January 25, 2023.",22
,,,,,,,,,,,,
,,,,,,"Image by @SergioPitamitz / Emperor penguins pair on sea ice, Larsen B Ice Shelf, Weddell Sea, Antarctica.
Emperor penguins are considered near threatened on IUCN Red List of Threatened Species and their populations are expected to decline rapidly in years to come. On average they measure 120cm tall and they are the largest of all the different kinds of penguin.
Shot on assignment in the Weddell Sea, Antarctica, for @NatGeoExpeditions
Please join @SergioPitamitz for more images from his National Geographic Assignments.
‚Äî‚Äî‚Äî‚Äî
#Antarctica #penguin #emperorpenguin #conservation #wildlifephotography #onassignment #TravelwithNatGeo #NatGeoExpeditions #NationalGeographicExpeditions",2096 Me gusta,2023-01-23T17:00:03.000Z,https://scontent-mad1-1.cdninstagram.com/v/t51.2885-15/326565986_1034844167427151_4891948831841295292_n.jpg?stp=dst-jpg_e15&_nc_ht=scontent-mad1-1.cdninstagram.com&_nc_cat=107&_nc_ohc=77K-f83IQZ8AX_coNjm&edm=ABmJApABAAAA&ccb=7-5&ig_cache_key=MzAyMjE5MDQ5NTA0NDcyNjkyMw%3D%3D.2-ccb7-5&oh=00_AfD3sw4rLGQfGgVr0tNGdx8fsxhwUSs6JLCZIRvAr_n8ig&oe=64170F51&_nc_sid=6136e7,imagenpreubaE23-1.jpg,"Photo by Nat Geo Expeditions on January 23, 2023.",23
,,,,,,,,,,,,
,,,,,,"photograph by @susanseubert // A chinstrap penguin on Half Moon Island off of the Antarctic Peninsula appears to be dancing, when in reality, this bird is about to do a faceplant. Penguins do not have teeth. They have a sharp beak that helps to grab and hold onto the fish, but they cannot chew. So they have to swallow all of their fish completely whole! If you look inside their mouth, they do have barbs on their tongue and roof of their mouth that help to swallow the fish. Photographed #onassignment for @natgeo @natgeotravel @natgeoexpeditions #worldpenguinawarenessday #Antarctica #HalfMoonIsland Follow @susanseubert for more as she heads to Antarctica next week!",3459 Me gusta,2023-01-20T22:59:27.000Z,https://scontent-mad1-1.cdninstagram.com/v/t51.2885-15/326348392_836533284075102_5386951333152454653_n.jpg?stp=dst-jpg_e15&_nc_ht=scontent-mad1-1.cdninstagram.com&_nc_cat=106&_nc_ohc=4Pjb-7lePLgAX8Vyu9M&edm=ABmJApABAAAA&ccb=7-5&ig_cache_key=MzAyMDE5NzA1NTUwODA4NTkwOA%3D%3D.2-ccb7-5&oh=00_AfDyzps0QO6wvYynmh7ZymxXB8gFY1L-p_BzP5-uWW7f3w&oe=64166547&_nc_sid=6136e7,imagenpreubaE24-1.jpg,"Photo by Nat Geo Expeditions in Half Moon Island, Antarctic Peninsula.",24
,,,,,,,,,,,,
,,,,,,"Photo by @nickcobbing

A Weddell seal resting on a bank of snow in Antarctica. A member of the 'true seal' family, Weddells are fairly abundant in the Antarctic region. They are well adapted to a sea ice environment, feeding under ice (diving up to 350 -500 metres) and raising their young above sea ice. They have this beautifully mottled fur and are known for their unique vocalisations.

Photographed during our recent expedition aboard the @natgeo Resolution ship. This photo is made from some distance using a telephoto lens, plus a big crop to show more detail.

#wildlifephotography #nature #antartica #sealsofinstagram",1750 Me gusta,2023-01-18T16:10:43.000Z,https://scontent-mad1-1.cdninstagram.com/v/t39.30808-6/326293886_699695031604097_1838267396201793287_n.jpg?stp=dst-jpg_e35_p1080x1080_sh0.08&_nc_ht=scontent-mad1-1.cdninstagram.com&_nc_cat=105&_nc_ohc=2e0nkNzutxwAX_Ql1JT&edm=ABmJApAAAAAA&ccb=7-5&ig_cache_key=MzAxODU0MTc3NjczNzY5MjM0OA%3D%3D.2-ccb7-5&oh=00_AfC5HmNZYO9YT6d6V0RS2YZH9_wJXANCipAO3G2-SrQ9Zw&oe=641625FB&_nc_sid=6136e7,imagenpreubaE25-1.jpg,"Photo by Nat Geo Expeditions on January 18, 2023.",25
,,,,,,,,,,,,
,,,,,,"photograph by @susanseubert // A Kerer≈´, or New Zealand pigeon is endemic to the country and found in forested areas. This picture was made at Tiritiri Matangi, a pest free island that is an open sanctuary that anyone may visit and is reachable by ferry service from Auckland. Photographed #onassignment for @natgeoexpeditions @natgeo @natgeotravel #newzealand #keker≈´ #wildbirds #travel #tiritirimatangiisland",1522 Me gusta,2023-01-16T21:07:27.000Z,https://scontent-mad2-1.cdninstagram.com/v/t51.2885-15/326024855_1344953386336319_4354917790085834852_n.jpg?stp=dst-jpg_e15&_nc_ht=scontent-mad2-1.cdninstagram.com&_nc_cat=111&_nc_ohc=Cronz8BdSMkAX_jHR7T&edm=ABmJApABAAAA&ccb=7-5&ig_cache_key=MzAxNzI0MTU4MTg0NjkwNjM3MQ%3D%3D.2-ccb7-5&oh=00_AfBsB2ztGCPNi3qV7Ec6XKKheqN9eI31NI8i-kmizDzUEQ&oe=64162F6D&_nc_sid=6136e7,imagenpreubaE26-1.jpg,"Photo by Nat Geo Expeditions in Tiritiri Matangi Island, Auckland.",26
,,,,,,,,,,,,
,,,,,,photograph by @susanseubert // Happy New Year from the caves at Waitomo on the North Island of New Zealand! We rang in 2023 with the glow worms as our fireworks. These are actually fungus gnats endemic to this area. They dwell in caves with high humidity and produce a blue-green bioluminescence. Photographed #onassignment for @natgeoexpeditions @natgeotravel #glowworms #newzealand #wiatomo #newzealand,1467 Me gusta,2023-01-16T01:33:03.000Z,https://scontent-mad1-1.cdninstagram.com/v/t51.2885-15/321679906_1362895271148037_6988830960204972647_n.jpg?stp=dst-jpg_e15&_nc_ht=scontent-mad1-1.cdninstagram.com&_nc_cat=101&_nc_ohc=_qqMJrCCUxYAX_qvH0B&edm=ABmJApABAAAA&ccb=7-5&ig_cache_key=MzAxNjY1MDQ5MDUzMzEzODcxMQ%3D%3D.2-ccb7-5&oh=00_AfA2Sbqy0ybVhC8sa71SjeBVGCeULYk-0k9g2ADlDwNwgg&oe=641614CC&_nc_sid=6136e7,imagenpreubaE27-1.jpg,"Photo by Nat Geo Expeditions in Waitomo Caves, New Zealand.",27
,,,,,,,,,,,,
,,,,,,"Follow the NatGeo photographer @massimobassano on assignment for National Geographic around the World
‚ÄúLocals welcome us playing the panpipes, named Galevu in local language‚Äù ‚Äì tells Massimo ‚Äì ‚Äúeverywhere we land in the Solomon, we get a warm welcome from the locals. And every stop has a different welcome, dance, music. We are never tired to explore Melanesia‚Äù.
***
#natgeo #natgeoadventure #natgeotravel #natgeoinspires #solomonislands #natgeowild #exploration #natgeophotographer #pacificislands #melanesia #owaraha #music #flute #panpipes @lindbladexpeditions",968 Me gusta,2023-01-05T12:45:02.000Z,https://scontent-mad1-1.cdninstagram.com/v/t39.30808-6/323162471_566446975333362_1820765714142078046_n.jpg?stp=dst-jpg_e35_s1080x1080_sh0.08&_nc_ht=scontent-mad1-1.cdninstagram.com&_nc_cat=106&_nc_ohc=pVwfDBLX4EsAX-NOO_P&edm=ABmJApAAAAAA&ccb=7-5&ig_cache_key=MzAwOTAxNjE3MDg3MDQwMzk2Ng%3D%3D.2-ccb7-5&oh=00_AfCsV50qCWgkN7Zyl3TcM6VWXmJtAqy4OCi6pgf_5sXugA&oe=64179966&_nc_sid=6136e7,imagenpreubaE28-1.jpg,"Photo by Nat Geo Expeditions on January 05, 2023.",28
,,,,,,,,,,,,
,,,,,,"Follow NatGeo photographer @massimobassano on assignments for National Geographic around the World
‚ÄúTwo sail-pirogues cross the small bay at Utupua island. Even if the Vanuatu‚Äôs have access to boats with outboard engines, using the pirogue with sail or without is still the most popular way to move from place to place. Especially along the same island visiting the different communities‚Äù ‚Äì tells Massimo ‚Äì ‚ÄúSailing is my main passion and I‚Äôve done since my childhood. So, I‚Äôve lots of admiration for people that for thousands of years have been crossing the Pacific Ocean, island to island on large distance, with no one of the technology that we have been using since the middle age like the compass, for example, or just sketching maps. We have seen many pirogues during our expeditions in Melanesia and kids start to use one in very young age‚Äù.
***
#natgeo #natgeoadventure #natgeotravel #natgeoinspires #vanuatu #natgeowild #exploration #natgeophotographer #pacificislands #melanesia #utupua #silhouette #pirogue @lindbladexpeditions",1462 Me gusta,2022-12-24T05:28:15.000Z,https://scontent-mad1-1.cdninstagram.com/v/t39.30808-6/321713942_1298403957368907_8789703590997202706_n.jpg?stp=dst-jpg_e35_s1080x1080_sh0.08&_nc_ht=scontent-mad1-1.cdninstagram.com&_nc_cat=103&_nc_ohc=qmoOhtZI24UAX9u41QJ&edm=ABmJApAAAAAA&ccb=7-5&ig_cache_key=MzAwMDA5OTAyMzgwMjMwMDMyOQ%3D%3D.2-ccb7-5&oh=00_AfCWnvS4cSKK7nPT2GLXU8CgwOomAABeGz5IfibD6lwBlg&oe=64166E18&_nc_sid=6136e7,imagenpreubaE29-1.jpg,"Photo by Nat Geo Expeditions on December 23, 2022.",29
,,,,,,,,,,,,
,,,,,,"Follow the NatGeo photographer @massimobassano and his assignments for National Geographic around the World.
‚ÄúChief Bong came from the village of Olal, located on the mountain slopes of Ambrym island, with a small group of his devotees to show us the most important dance of his community, the Rom Kon Dance‚Äù ‚Äì tell Massimo, our Nat Geo photographer ‚Äì ‚ÄúThe Rom Kon ceremony is performed by male secret society members to the beat of drums and seed shakers. Beside the wood mask, the remainder of the costume is composed of dried banana leaves, and each Rom dancer holds a wooden carving that symbolically represents a weapon. The Rom dancers themselves represent evil spirits who form a wide circle filled by Namba dancers. The participants sing songs and chant stories as they dance. Rom masks invoke the spirit of ancestors (generally the grandfather) and are important agents of social control. The masks and costumes must be destroyed or disposed of after a dance to ensure the spirit does not haunt the owner"".
***
#natgeo #natgeoadventure #natgeotravel #natgeoinspires #vanuatu #natgeowild #natgeophotographer #pacificislands #melanesia #ambrym #rondance @lindbladexpeditions",887 Me gusta,2022-12-23T10:39:01.000Z,https://scontent-mad1-1.cdninstagram.com/v/t39.30808-6/321794770_727453922452986_7904711401263463548_n.jpg?stp=dst-jpg_e35_s1080x1080_sh0.08&_nc_ht=scontent-mad1-1.cdninstagram.com&_nc_cat=106&_nc_ohc=DMUjTZQiOKoAX8mKl7D&edm=ABmJApAAAAAA&ccb=7-5&ig_cache_key=Mjk5OTUzMDY2NzAzMDE1MjY2OA%3D%3D.2-ccb7-5&oh=00_AfBUq_z1KhFRd9Z7aTbBe8gR4CwIoap1nlJ--z75dxwSlA&oe=6416F198&_nc_sid=6136e7,imagenpreubaE30-1.jpg,"Photo by Nat Geo Expeditions on December 23, 2022.",30
,,,,,,,,,,,,
,,,,,,"Photographs by @massimobassano on assignment in Melanesia.
‚ÄúAfter a day full of emotions and experiences, watching a tribal dance, tasting local food and admiring the beauty of the simplicity of people leaving on remote island of Melanesia, you can think that for today you have had all you were looking for‚Ä¶and beyond. But it‚Äôs when the sun is saying goodbye that you understand that an expedition in the Pacific has something to offer till the last second of light‚Äù.
Please follow @massimobassano and his assignments for National Geographic around the World
***
#natgeo #natgeoadventure #natgeotravel #natgeoinspires #solomonislands #natgeowild #natgeophotographer #pacificislands #melanesia #sunset #mothernature @lindbladexpeditions",1232 Me gusta,2022-12-21T10:33:24.000Z,https://scontent-mad1-1.cdninstagram.com/v/t39.30808-6/321326696_477973247796233_2640806616618516162_n.jpg?stp=dst-jpg_e35_s1080x1080_sh0.08&_nc_ht=scontent-mad1-1.cdninstagram.com&_nc_cat=105&_nc_ohc=XyM-Hio1t0AAX96wYyZ&edm=ABmJApAAAAAA&ccb=7-5&ig_cache_key=Mjk5ODA3ODI4NjExNTQ4MzA4MA%3D%3D.2-ccb7-5&oh=00_AfDMvCj4mSbik6pPPabmJWlKjwI4hjqMwQ7V53mMBd019w&oe=6416209C&_nc_sid=6136e7,imagenpreubaE31-1.jpg,"Photo by Nat Geo Expeditions on December 21, 2022.",31
,,,,,,,,,,,,
,,,,,,"The Chinstrap is the dominant penguin of Half Moon Island in South Shetland Islands, the last stop of the Antarctic voyage.
Image by National Geographic Photographer Sergio Pitamitz @SergioPitamitz, currently in Antarctica on assignment for @NatGeoExpeditions.
‚Äî‚Äî‚Äî‚Äî
#Antarctica #penguin #wildlife #TravelWithNatGeo #NatGeoExpeditions",4119 Me gusta,2022-12-01T20:01:06.000Z,https://scontent-mad1-1.cdninstagram.com/v/t39.30808-6/317596586_3277205179263182_5531851998241917845_n.jpg?stp=dst-jpg_e35_p1080x1080_sh0.08&_nc_ht=scontent-mad1-1.cdninstagram.com&_nc_cat=102&_nc_ohc=ODj54F7JqNgAX_oJZeF&edm=ABmJApAAAAAA&ccb=7-5&ig_cache_key=Mjk4Mzg2ODUwMDQxNDYwMTY0NQ%3D%3D.2-ccb7-5&oh=00_AfAJ4AWQyf4cNsaFjNOyzUqYhvVIFiLkAkDnNFmz9KKCpA&oe=64168320&_nc_sid=6136e7,imagenpreubaE32-1.jpg,"Photo by Nat Geo Expeditions on December 01, 2022.",32
,,,,,,,,,,,,
,,,,,,"A Weddell seal yawning on a snowy beach in Half Moon Island in South Shetland Islands, the last stop of the Antarctic voyage.
Image by National Geographic Photographer Sergio Pitamitz @SergioPitamitz, currently in Antarctica on assignment for @NatGeoExpeditions.
Follow along for daily updates from the Antarctic journey.
‚Äî‚Äî‚Äî‚Äî
#Antarctica #weddellseal #wildlife #TravelWithNatGeo #NatGeoExpeditions",1566 Me gusta,2022-12-01T12:03:12.000Z,https://scontent-mad2-1.cdninstagram.com/v/t39.30808-6/316956452_3276725702644463_1217164267976762219_n.jpg?stp=dst-jpg_e35_s1080x1080_sh0.08&_nc_ht=scontent-mad2-1.cdninstagram.com&_nc_cat=111&_nc_ohc=LG5rMZSBCisAX_qopmk&edm=ABmJApAAAAAA&ccb=7-5&ig_cache_key=Mjk4MzYyNzk3MDYwMjc1MzE3Mw%3D%3D.2-ccb7-5&oh=00_AfDdrL2ANYT8pnQrzcVLL4J8raWRPmWICmbtPgVOshVTGw&oe=641643DC&_nc_sid=6136e7,imagenpreubaE33-1.jpg,"Photo by Nat Geo Expeditions on December 01, 2022.",33
,,,,,,,,,,,,
,,,,,,"Photographs by @massimobassano on assignment in Melanesia.
‚ÄúIn one frame, the whole story is told‚Äù ‚Äì says Massimo our NatGeo Expert ‚Äì ‚Äúwe are at Nendo Island, in the Solomon, and in one photograph I‚Äôm able to tell the full story of today. Dancers are ready to welcome us through their ritual dance. Their skin is covered with a layer of local soil to represent the link with Mother Earth. Flowers to get power from Nature. A smartphone shows that modernity is everywhere and useful to everybody. But it‚Äôs still pandemic time and an old lady wear a facemask‚Äù.
‚ÄúAs we all do‚Äù ‚Äì confirm Massimo ‚Äì ‚ÄúThese people have not seen tourists for two years. We are their main business but we have to respect their health over any other consideration. They live in isolate islands with small access to health facilities. Respecting them is our way to say thanks for welcoming us‚Äù.
***
Please follow @massimobassano and his assignments for National Geographic around the World
#natgeo #natgeoadventure #natgeoinspires #solomonislands #natgeowild #natgeophotographer #pacificislands #melanesia #nendoisland #covid19 #pandemic #rituals",564 Me gusta,2022-12-01T02:33:29.000Z,https://scontent-mad1-1.cdninstagram.com/v/t39.30808-6/317687351_3277609752556058_4005974501180902990_n.jpg?stp=dst-jpg_e35_s1080x1080_sh0.08&_nc_ht=scontent-mad1-1.cdninstagram.com&_nc_cat=102&_nc_ohc=XLqn-azdg3wAX_fIc8E&edm=ABmJApAAAAAA&ccb=7-5&ig_cache_key=Mjk4MzM0MTIyMTU5MTUyMTYwOA%3D%3D.2-ccb7-5&oh=00_AfC5Jo_SA-vnsQgkjHfHIe-5qbIJTvfp0lt5dAJY43urxQ&oe=641673C8&_nc_sid=6136e7,imagenpreubaE34-1.jpg,Photo by Nat Geo Expeditions in Solomon Islands.,34
,,,,,,,,,,,,
,,,,,,"Be creative! Gentoo penguins walking to the sea - shot with ‚Äúhigh-key‚Äù exposure technique - in Wiencke Island, Antarctic Peninsula.
Images by National Geographic Photographer Sergio Pitamitz @SergioPitamitz, currently in Antarctica on assignment for @NatGeoExpeditions.
Follow along for daily updates from the Antarctic journey.
‚Äî‚Äî‚Äî‚Äî
#Antarctica #penguins #wildlife #TravelWithNatGeo #NatGeoExpeditions",1868 Me gusta,2022-11-30T20:00:11.000Z,https://scontent-mad1-1.cdninstagram.com/v/t39.30808-6/316540810_3276722992644734_5513751435003122888_n.jpg?stp=dst-jpg_e35_s1080x1080_sh0.08&_nc_ht=scontent-mad1-1.cdninstagram.com&_nc_cat=102&_nc_ohc=FZqb24BiztAAX_DUbJp&edm=ABmJApAAAAAA&ccb=7-5&ig_cache_key=Mjk4MzE0MzI2OTc4NTk3MTAwNw%3D%3D.2-ccb7-5&oh=00_AfA74ofXxypBsOicS2ujThQX42oNQHeKfG6U_PFJb9bD0Q&oe=64160ABE&_nc_sid=6136e7,imagenpreubaE35-1.jpg,"Photo by Nat Geo Expeditions on November 30, 2022.",35
,,,,,,,,,,,,
,,,,,,"Always check the background to make a different shot! Swipe to see the difference, just changing the lens.
Gentoo penguin at Damroy Point, Antarctic Peninsula.
Images by National Geographic Photographer Sergio Pitamitz @SergioPitamitz, currently in Antarctica on assignment for @NatGeoExpeditions.
Follow along for daily updates from the Antarctic journey.
‚Äî‚Äî‚Äî‚Äî
#Antarctica #penguins #wildlife #TravelWithNatGeo #NatGeoExpeditions",3524 Me gusta,2022-11-30T12:00:14.000Z,https://scontent-mad1-1.cdninstagram.com/v/t39.30808-6/316809672_3276720135978353_8758961867023233792_n.jpg?stp=c0.0.1800.1200a_dst-jpg_e15&_nc_ht=scontent-mad1-1.cdninstagram.com&_nc_cat=105&_nc_ohc=sFpEL_QhWdYAX-dL4Ur&edm=ABmJApAAAAAA&ccb=7-5&ig_cache_key=Mjk4MjkwMTY5NjQ4OTk0NjE4MQ%3D%3D.2-ccb7-5&oh=00_AfCG4pRMoCxhS9hv8Lkk3t97IhxD426bfuBndk29MNqE9A&oe=6417711D&_nc_sid=6136e7,imagenpreubaE36-1.jpg,"Photo by Nat Geo Expeditions on November 30, 2022.",36
,,,,,,"Always check the background to make a different shot! Swipe to see the difference, just changing the lens.
Gentoo penguin at Damroy Point, Antarctic Peninsula.
Images by National Geographic Photographer Sergio Pitamitz @SergioPitamitz, currently in Antarctica on assignment for @NatGeoExpeditions.
Follow along for daily updates from the Antarctic journey.
‚Äî‚Äî‚Äî‚Äî
#Antarctica #penguins #wildlife #TravelWithNatGeo #NatGeoExpeditions",3524 Me gusta,2022-11-30T12:00:14.000Z,https://scontent-mad2-1.cdninstagram.com/v/t39.30808-6/317516951_3276720409311659_448848809993827196_n.jpg?stp=c0.0.1799.1200a_dst-jpg_e15&_nc_ht=scontent-mad2-1.cdninstagram.com&_nc_cat=111&_nc_ohc=-YeoLfAqWVIAX_HB1HI&edm=ABmJApAAAAAA&ccb=7-5&ig_cache_key=Mjk4MjkwMTY5NjA3ODkyMzUyNg%3D%3D.2-ccb7-5&oh=00_AfAbHGGgFXpoJ1cHNjgZ6saBHGuQ5VZa-ajlh2xvjWaLwg&oe=6416B9CD&_nc_sid=6136e7,imagenpreubaE36-2.jpg,"Photo by Nat Geo Expeditions on November 30, 2022.",36
,,,,,,,,,,,,
,,,,,,"‚ÄúExploring the massive icebergs of Pleneau Island with a Zodiac is one of the most amazing experiences of a Polar expedition‚Äù says National Geographic Photographer Sergio Pitamitz @SergioPitamitz, currently in Antarctica on assignment for @NatGeoExpeditions
Follow along for daily updates from the Antarctic journey.
‚Äî‚Äî‚Äî‚Äî
#Antarctica #icebergs #landscape #adventure #TravelWithNatGeo #NatGeoExpeditions",2193 Me gusta,2022-11-29T21:00:05.000Z,https://scontent-mad1-1.cdninstagram.com/v/t39.30808-6/317074239_3276137059369994_1238385589976535121_n.jpg?stp=dst-jpg_e35_s1080x1080_sh0.08&_nc_ht=scontent-mad1-1.cdninstagram.com&_nc_cat=102&_nc_ohc=xvOZ3RPIAa0AX-jvfBO&edm=ABmJApAAAAAA&ccb=7-5&ig_cache_key=Mjk4MjQ0ODYzNjYxMjQ4MDg3Mg%3D%3D.2-ccb7-5&oh=00_AfCtxLZ1I5E7IdK_Fpgyj6Ld4boLc2TRhQXL5Bf3EurLug&oe=641728F7&_nc_sid=6136e7,imagenpreubaE37-1.jpg,"Photo by Nat Geo Expeditions on November 29, 2022.",37
,,,,,,,,,,,,
,,,,,,"A colony of Gentoo penguins at Damroy Point, Antarctic Peninsula.
Image by National Geographic Photographer Sergio Pitamitz @SergioPitamitz, currently in Antarctica on assignment for @NatGeoExpeditions.
Follow along for daily updates from the Antarctic journey.
‚Äî‚Äî‚Äî‚Äî
#Antarctica #penguins #wildlife #TravelWithNatGeo #NatGeoExpeditions",3231 Me gusta,2022-11-29T13:00:06.000Z,https://scontent-mad2-1.cdninstagram.com/v/t39.30808-6/316684815_3276129476037419_5502453180616670436_n.jpg?stp=dst-jpg_e35_s1080x1080_sh0.08&_nc_ht=scontent-mad2-1.cdninstagram.com&_nc_cat=111&_nc_ohc=JaXBccSTn_8AX-2JQVK&edm=ABmJApAAAAAA&ccb=7-5&ig_cache_key=Mjk4MjIwNzA0OTAwNjAyMzAxMg%3D%3D.2-ccb7-5&oh=00_AfDV9KGTMPnMCZJQTPU7K-3i7jDHTFLJNaYKvRrzfmUUlA&oe=6415BF43&_nc_sid=6136e7,imagenpreubaE38-1.jpg,"Photo by Nat Geo Expeditions on November 29, 2022.",38
,,,,,,,,,,,,
,,,,,,"Gentoo penguins in line jumping for feeding as low tide comes, Damroy Point, Antarctic Peninsula.
Image by National Geographic Photographer Sergio Pitamitz @SergioPitamitz, currently in Antarctica on assignment for @NatGeoExpeditions.
Follow along for daily updates from the Antarctic journey.
‚Äî‚Äî‚Äî‚Äî
#Antarctica #penguins #wildlife #TravelWithNatGeo #NatGeoExpeditions",3356 Me gusta,2022-11-28T23:00:04.000Z,https://scontent-mad1-1.cdninstagram.com/v/t39.30808-6/317399334_3275774309406269_8856765160521853893_n.jpg?stp=dst-jpg_e35_s1080x1080_sh0.08&_nc_ht=scontent-mad1-1.cdninstagram.com&_nc_cat=105&_nc_ohc=lP87FKrl5r8AX8oDyg5&edm=ABmJApAAAAAA&ccb=7-5&ig_cache_key=Mjk4MTc4NDI0OTU2NTQxODY1Nw%3D%3D.2-ccb7-5&oh=00_AfBDshebtYx1Z0PSeXeph4cjKUklRxCQaJhaL9tzu-_MFQ&oe=6417AA15&_nc_sid=6136e7,imagenpreubaE39-1.jpg,"Photo by Nat Geo Expeditions on November 28, 2022.",39
,,,,,,,,,,,,
,,,,,,"A Gentoo penguin walks back to its colony at Damroy Point, Antarctic Peninsula.
Image by National Geographic Photographer Sergio Pitamitz @SergioPitamitz, currently in Antarctica on assignment for @NatGeoExpeditions.
Follow along for daily updates from the Antarctic journey.
‚Äî‚Äî‚Äî‚Äî
#Antarctica #penguins #wildlife #TravelWithNatGeo #NatGeoExpeditions",2546 Me gusta,2022-11-28T16:00:02.000Z,https://scontent-mad2-1.cdninstagram.com/v/t39.30808-6/317381100_3275767786073588_7276893762470965654_n.jpg?stp=dst-jpg_e35_s1080x1080_sh0.08&_nc_ht=scontent-mad2-1.cdninstagram.com&_nc_cat=108&_nc_ohc=kujvHv28CoIAX9h-qJo&edm=ABmJApAAAAAA&ccb=7-5&ig_cache_key=Mjk4MTU3Mjg0NjQ2ODMwNjE4OA%3D%3D.2-ccb7-5&oh=00_AfB5A3MB6zZ1N5lP0soWihW0YdsCepOCR1z7W9zoUI0dLQ&oe=6417A9C4&_nc_sid=6136e7,imagenpreubaE40-1.jpg,"Photo by Nat Geo Expeditions on November 28, 2022.",40
,,,,,,,,,,,,
,,,,,,"Photo by Kike Calvo @kikeo ¬®Guna Yala is an indigenous territory in the Caribbean side of Panama,¬® said Kike. ¬®They are known for their colorful embroidered molas and winis.""

Please join @kikeo for images and stories from his National Geographic Assignments.

#gunayala #guna #natgeoexpeditions #nationalgeographicexpeditions #kikecalvo #molas #embroidery",1707 Me gusta,2022-11-28T02:54:09.000Z,https://scontent-mad1-1.cdninstagram.com/v/t39.30808-6/317489488_3275310509452649_764152437704256490_n.jpg?stp=dst-jpg_e35_s1080x1080_sh0.08&_nc_ht=scontent-mad1-1.cdninstagram.com&_nc_cat=105&_nc_ohc=3kPio8dILsYAX_cURn-&edm=ABmJApAAAAAA&ccb=7-5&ig_cache_key=Mjk4MTE3NzI5Nzg2NTEzODY0OA%3D%3D.2-ccb7-5&oh=00_AfBnzNgSARw0hRe8l68Cb82UTqRY_7i2ZGyv_VMe1MCNmw&oe=64172C2F&_nc_sid=6136e7,imagenpreubaE41-1.jpg,"Photo by Nat Geo Expeditions on November 27, 2022.",41
,,,,,,,,,,,,
,,,,,,"Photographs by @massimobassano on assignment in Melanesia.
‚ÄúOne of the most exclusive things we can discover during our expedition in the Solomon‚Äôs‚Äù ‚Äì tells Massimo our NatGeo Expert ‚Äì ‚Äúit‚Äôs their concept of currency, based on natural things that were available on the islands in the past. As this money coil, locally named tevau, on the head of the woman‚Äù.
‚ÄúIt can be up to 30feet long, covered with red feathers, taken from birds but respecting their body, leaving them alive and able to fly again because they primarily respect Nature‚Äù ‚Äì keep telling Massimo ‚Äì ‚Äúand it was a ceremonial currency particularly at marriages. Tevau were made exclusively on Ndende Island by hereditary specialists, whose skills were believed to come from spirits. Not made anymore, it's now an historical artifact of Melanesia. Traveling in Melanesia is a deep dive into traditions. Even a public show like this one, made for visitors like us, it‚Äôs full of meanings and we learn something new every day. My respect for this population rises day by day‚Äù.

Please follow him @massimobassano and his assignments for National Geographic around the World
#natgeo #natgeoadventure #natgeoinspires #solomonislands #natgeowild #natgeophotographer #pacificislands #melanesia #tevau",982 Me gusta,2022-11-27T21:42:11.000Z,https://scontent-mad2-1.cdninstagram.com/v/t39.30808-6/316150020_3275162022800831_540516702321722032_n.jpg?stp=dst-jpg_e35_s1080x1080_sh0.08&_nc_ht=scontent-mad2-1.cdninstagram.com&_nc_cat=111&_nc_ohc=Y6G3z9_hjRwAX9uylcX&edm=ABmJApAAAAAA&ccb=7-5&ig_cache_key=Mjk4MTAyMDI3NTc5MDAzNzUyNw%3D%3D.2-ccb7-5&oh=00_AfBsm8PdneRBHLrbnLN1cRUv_Se22zJQ8WyYuP59R5pckg&oe=641777E5&_nc_sid=6136e7,imagenpreubaE42-1.jpg,"Photo by Nat Geo Expeditions on November 27, 2022.",42
,,,,,,,,,,,,
,,,,,,"Think different.
Gentoo penguin colony at Port Charcot.
Image by National Geographic Photographer Sergio Pitamitz @SergioPitamitz, currently in Antarctica on assignment for @NatGeoExpeditions.
Follow along for daily updates from the Antarctic journey.
‚Äî‚Äî‚Äî‚Äî
#Antarctica #penguins #wildlife #TravelWithNatGeo #NatGeoExpeditions",4317 Me gusta,2022-11-27T21:00:06.000Z,https://scontent-mad2-1.cdninstagram.com/v/t39.30808-6/316551483_3274963302820703_6975933025853970898_n.jpg?stp=dst-jpg_e35_s1080x1080_sh0.08&_nc_ht=scontent-mad2-1.cdninstagram.com&_nc_cat=111&_nc_ohc=6h7NFByynXEAX_rKiso&edm=ABmJApAAAAAA&ccb=7-5&ig_cache_key=Mjk4MDk5OTA5MTUwOTcyMDM0Nw%3D%3D.2-ccb7-5&oh=00_AfCEEtEsFG9aFZcsOtLLTpim8ZzVEaw6C_ksKsstRJBn1g&oe=6416AA0E&_nc_sid=6136e7,imagenpreubaE43-1.jpg,"Photo by Nat Geo Expeditions on November 27, 2022.",43
,,,,,,,,,,,,
,,,,,,"Icebergs under a stormy sky in Pleneau Island.
Image by National Geographic Photographer Sergio Pitamitz @SergioPitamitz, currently in Antarctica on assignment for @NatGeoExpeditions.
Follow along for daily updates from the Antarctic journey.
‚Äî‚Äî‚Äî‚Äî
#Antarctica #icebergs #landscape #TravelWithNatGeo #NatGeoExpeditions",3023 Me gusta,2022-11-27T13:00:05.000Z,https://scontent-mad1-1.cdninstagram.com/v/t39.30808-6/316688897_3274523296198037_1631073561988646267_n.jpg?stp=dst-jpg_e35_s1080x1080_sh0.08&_nc_ht=scontent-mad1-1.cdninstagram.com&_nc_cat=105&_nc_ohc=KDRwc9yxuloAX9B1Xwg&edm=ABmJApAAAAAA&ccb=7-5&ig_cache_key=Mjk4MDc1NzQ5MjQ5NDAzODI1NA%3D%3D.2-ccb7-5&oh=00_AfADR__JO_tf0XPJCq8L5c0d82SLRW2nkxcDEeuQLXkr3g&oe=64164EC3&_nc_sid=6136e7,imagenpreubaE44-1.jpg,"Photo by Nat Geo Expeditions on November 27, 2022.",44
,,,,,,,,,,,,
,,,,,,"Photo by Kike Calvo @kikeo ¬®There are times when we arrive at places that look magical,¬® said Kike. ¬®Guna Yala, an autonomous indigenous territory, is one of those hidden paradises. This remote island is Anmardub. The islands were known as San Blas, and later Kuna Yala, but in 2011 the Government of Panama recognized the claim that Guna Yala was a closer representation of the original name.""

Please join @kikeo for images and stories from his National Geographic Assignments.

#gunayala #guna #natgeoexpeditions #nationalgeographicexpeditions #kikecalvo",1878 Me gusta,2022-11-27T04:37:05.000Z,https://scontent-mad2-1.cdninstagram.com/v/t39.30808-6/317383620_3274550452861988_8300848133149839340_n.jpg?stp=dst-jpg_e35_s1080x1080_sh0.08&_nc_ht=scontent-mad2-1.cdninstagram.com&_nc_cat=108&_nc_ohc=oTtzDEIcm_UAX9US89k&edm=ABmJApAAAAAA&ccb=7-5&ig_cache_key=Mjk4MDUwNDMzMjE5MDE4MjY0Nw%3D%3D.2-ccb7-5&oh=00_AfDHJttjKbgq9TfR5CfWrLqk7dMSfUFd_9cGV-V4eHCGNw&oe=6415B1B8&_nc_sid=6136e7,imagenpreubaE45-1.jpg,"Photo by Nat Geo Expeditions on November 26, 2022.",45
,,,,,,,,,,,,
,,,,,,"Photograph by @massimobassano on assignment in Melanesia.
Our exploration of the Solomon islands begins and a group of warriors of the Island of Santa Ana, also known as Owaraha, gives to us an ""aggressive"" welcome when we land on their island. Totally peaceful and warm people, they used to defend their territory by other tribes. So, they want to show us what they can do against any enemy. But we come in peace and so we are welcomed by them.
""I'm back to Melanesia after several years"" - tells Massimo, our NatGeo expert on board the ship - ""and I immediately feel as back at home after a long journey. I vividly remember when I drop the anchor of my sailboat in this island and I asked hospitality at these people. I was exhausted for the long Pacific crossing, and they took care of me as I was part of their family. Being in this expedition is really a bless for me"".
Please follow him @massimobassano and his assignments for National Geographic around the World
#natgeo #natgeoadventure #natgeoinspires #solomonislands #natgeowild #natgeophotographer #pacificislands #melanesia",3090 Me gusta,2022-11-27T02:29:04.000Z,https://scontent-mad1-1.cdninstagram.com/v/t39.30808-6/316962832_3274490829534617_7265729051550667661_n.jpg?stp=dst-jpg_e35_s1080x1080_sh0.08&_nc_ht=scontent-mad1-1.cdninstagram.com&_nc_cat=105&_nc_ohc=q-P7A9M8LiMAX_tDObb&edm=ABmJApAAAAAA&ccb=7-5&ig_cache_key=Mjk4MDQzOTg5MTI0Nzk1NDg4Mw%3D%3D.2-ccb7-5&oh=00_AfBYbG3DhRHo-haGHnTilhAjzJwfuxO7kKatGjmhYXm_gw&oe=6415D7F1&_nc_sid=6136e7,imagenpreubaE46-1.jpg,"Photo by Nat Geo Expeditions on November 26, 2022.",46
,,,,,,,,,,,,
,,,,,,"Gentoo Penguins in Port Lockroy. A former British Research Station until 1962, is a United Kingdom Antarctic Heritage Trust museum and post office. Closed for the Covid-19 pandemic until October 2022, now the base is run by a team of four women.
Image by National Geographic Photographer Sergio Pitamitz @SergioPitamitz, currently in Antarctica on assignment for @NatGeoExpeditions.
Follow along for daily updates from the Antarctic journey.
‚Äî‚Äî‚Äî‚Äî
#Antarctica #penguins #portlockroy #wildlife #TravelWithNatGeo #NatGeoExpeditions",3497 Me gusta,2022-11-26T15:01:18.000Z,https://scontent-mad1-1.cdninstagram.com/v/t39.30808-6/317241371_3273775682939465_7736117188287358723_n.jpg?stp=dst-jpg_e35_s1080x1080_sh0.08&_nc_ht=scontent-mad1-1.cdninstagram.com&_nc_cat=105&_nc_ohc=TX1bptd3m9IAX_km5Cb&edm=ABmJApAAAAAA&ccb=7-5&ig_cache_key=Mjk4MDA5MzcyNTgyNDM0MjQ2OQ%3D%3D.2-ccb7-5&oh=00_AfABP0QEMqSLc8G53K7ReHqQKvHGEqHfror0UUOmbOrmpA&oe=6416DE78&_nc_sid=6136e7,imagenpreubaE47-1.jpg,"Photo by Nat Geo Expeditions on November 26, 2022.",47
,,,,,,,,,,,,
,,,,,,"Gentoo Penguins under a snowstorm in Goudier island, Antarctica.
Image by National Geographic Photographer Sergio Pitamitz @SergioPitamitz, currently on assignment for @NatGeoExpeditions.
Follow along for daily updates from the Antarctic journey.
‚Äî‚Äî‚Äî‚Äî
#Antarctica #penguins #wildlife #TravelWithNatGeo #NatGeoExpeditions",2779 Me gusta,2022-11-26T04:26:27.000Z,https://scontent-mad2-1.cdninstagram.com/v/t39.30808-6/316309488_3273770729606627_2541331176676609625_n.jpg?stp=dst-jpg_e35_s1080x1080_sh0.08&_nc_ht=scontent-mad2-1.cdninstagram.com&_nc_cat=111&_nc_ohc=h-uKaKNiP2QAX8iN4MY&edm=ABmJApAAAAAA&ccb=7-5&ig_cache_key=Mjk3OTc3NDE5NjU3MzMwMzk4NA%3D%3D.2-ccb7-5&oh=00_AfBC6sdthBW6jBuq2B9EpmajZpORsGjIQR_W6KK5vz50yg&oe=6416B167&_nc_sid=6136e7,imagenpreubaE48-1.jpg,"Photo by Nat Geo Expeditions on November 25, 2022.",48
,,,,,,,,,,,,
,,,,,,"Stunning icebergs shaped by the wind and the sea drifting in Paradise Bay, Antarctica.
Image by National Geographic Photographer Sergio Pitamitz @SergioPitamitz, currently on assignment for @NatGeoExpeditions.
Follow along for daily updates from the Antarctic journey.
‚Äî‚Äî‚Äî‚Äî
#Antarctica #penguins #wildlife #TravelWithNatGeo #NatGeoExpeditions",2793 Me gusta,2022-11-25T13:00:08.000Z,https://scontent-mad2-1.cdninstagram.com/v/t39.30808-6/316066494_3272845786365788_2009869202572546273_n.jpg?stp=dst-jpg_e35_s1080x1080_sh0.08&_nc_ht=scontent-mad2-1.cdninstagram.com&_nc_cat=108&_nc_ohc=oTRgynJZL80AX9NI-4Z&edm=ABmJApAAAAAA&ccb=7-5&ig_cache_key=Mjk3OTMwNzk2NzAzNjIzNTUwNA%3D%3D.2-ccb7-5&oh=00_AfDhzeOD9jjPTHDmuzrRUvPWs2ohMhUx7mZEKpJhQvK4og&oe=641764C0&_nc_sid=6136e7,imagenpreubaE49-1.jpg,"Photo by Nat Geo Expeditions on November 25, 2022.",49
,,,,,,,,,,,,
,,,,,,"A pair of Adelie penguins on an iceberg in Paradise Bay, Antarctica.
Image by National Geographic Photographer Sergio Pitamitz @SergioPitamitz, currently on assignment for @NatGeoExpeditions.
Follow along for daily updates from the Antarctic journey.
‚Äî‚Äî‚Äî‚Äî
#Antarctica #penguins #wildlife #TravelWithNatGeo #NatGeoExpeditions",3628 Me gusta,2022-11-24T22:36:58.000Z,https://scontent-mad2-1.cdninstagram.com/v/t39.30808-6/316690110_3272843996365967_4269719150286870326_n.jpg?stp=dst-jpg_e35_s1080x1080_sh0.08&_nc_ht=scontent-mad2-1.cdninstagram.com&_nc_cat=111&_nc_ohc=QXCg2kEU7sMAX8fYONv&edm=ABmJApAAAAAA&ccb=7-5&ig_cache_key=Mjk3ODg3MzUxODUyNzY3NzA4NA%3D%3D.2-ccb7-5&oh=00_AfBSSq-JtqlZJ3yJCA13bq9VkXPk24TTrR7ig7aRualz2w&oe=64164411&_nc_sid=6136e7,imagenpreubaE50-1.jpg,"Photo by Nat Geo Expeditions on November 24, 2022.",50
,,,,,,,,,,,,
